US politics,1
US politics,2
US politics,3
US politics,4
US politics,6
US politics,7
Donald Trump  ,1
Donald Trump  ,6
Hillary Clinton  ,1
Hillary Clinton  ,6
Hillary Clinton  ,7
US elections,1
US elections,2
US elections,3
US elections,4
US elections,6
US elections,7
Rutherford Hayes ,2
Harry Truman,3
Supreme Court ,4
Supreme Court ,5
George Bush,4
Al Gore,4
racial issues,5
racial issues,6
social justice,5
social justice,6
Gun violence,6
Gun violence,10
Dallas Shooting ,6
Barack Obama,6
Barack Obama,7
Barack Obama,10
Olympics,8
Olympics,9
United States,8
United States,9
Track and field ,8
Michael Phelps ,9
Swimming,9
Missy Franklin,9
President,1
President,2
President,3
President,4
President,6
President,7